fname,label,y,prob_ensemble,n_models_wrong,hard_case,chance_hit,true_pointing_hit,true_energy_in_lesion,true_lesion_area_frac,true_energy_ratio,malig_pointing_hit,malig_energy_in_lesion,malig_lesion_area_frac,malig_energy_ratio
benign (10).png,benign,0,0.102482870221138,1,False,0.1170014880952381,True,0.35705798864364624,0.08217075892857142,4.3453169144272605,False,0.0029847125988453627,0.08217075892857142,0.036323293562858336
benign (102).png,benign,0,0.06641525030136108,0,False,0.07454943783068783,True,0.3028913140296936,0.048797123015873016,6.207155162224776,False,4.737241397378966e-05,0.048797123015873016,0.0009708034213078522
benign (109).png,benign,0,0.012897978536784649,0,False,0.1478466386554622,True,0.3544634282588959,0.10735771581359817,3.301704265712393,False,1.3122561703937663e-08,0.10735771581359817,1.2223212467301332e-07
benign (119).png,benign,0,0.20333170890808105,1,False,0.028394933554817276,False,0.022481804713606834,0.011861503322259137,1.8953588008880615,False,0.0036523982416838408,0.011861503322259137,0.307920348918151
benign (121).png,benign,0,0.15199105441570282,1,False,0.07016509433962265,True,0.27512049674987793,0.044663915094339625,6.159793564195287,False,0.00018088723300024867,0.044663915094339625,0.004049963658989066
benign (129).png,benign,0,0.0093991095200181,0,False,0.03272058823529412,True,0.07712089270353317,0.014154411764705882,5.448540991002863,False,0.0,0.014154411764705882,0.0
benign (136).png,benign,0,0.015119764022529125,0,False,0.05861273080660836,True,0.13629373908042908,0.03140184645286686,4.340309710290493,False,7.4248558412648435e-09,0.03140184645286686,2.3644647305722318e-07
benign (145).png,benign,0,0.011544274166226387,0,False,0.039691558441558444,True,0.10849278420209885,0.01958874458874459,5.538526663134769,False,0.0,0.01958874458874459,0.0
benign (147).png,benign,0,0.21462921798229218,2,False,0.031152950310559008,True,0.05423425883054733,0.014339091614906832,3.7822660100843297,False,0.0024282995145767927,0.014339091614906832,0.16934821115532503
benign (149).png,benign,0,0.01822841167449951,0,False,0.06102773556231003,True,0.1563139706850052,0.03493066109422492,4.474978880684527,False,2.3276653848824935e-07,0.03493066109422492,6.663674010072846e-06
benign (15).png,benign,0,0.02494586445391178,0,False,0.02186968537414966,True,0.055902253836393356,0.008290816326530613,6.742671847343445,False,0.0,0.008290816326530613,0.0
benign (166).png,benign,0,0.05657356232404709,0,False,0.025587406015037593,True,0.06509994715452194,0.011231203007518797,5.796346759197602,False,0.0,0.011231203007518797,0.0
benign (172).png,benign,0,0.05443495512008667,0,False,0.04294517102615694,True,0.12342724949121475,0.023851441985244803,5.174833855645727,False,2.9915192499174736e-05,0.023851441985244803,0.0012542299336736598
benign (176).png,benign,0,0.033970363438129425,0,False,0.0340219421101774,True,0.07499972730875015,0.01420985060690943,5.27800955713652,False,0.0,0.01420985060690943,0.0
benign (178).png,benign,0,0.017502527683973312,0,False,0.10890718562874252,True,0.2169555425643921,0.07239093242087254,2.9969988686295346,False,3.8872738514328375e-05,0.07239093242087254,0.0005369835311462319
benign (180).png,benign,0,0.0255285557359457,0,False,0.04672280844155844,True,0.1538565754890442,0.02541599025974026,6.0535345629541695,False,0.0,0.02541599025974026,0.0
benign (185).png,benign,0,0.06229134276509285,0,False,0.020520495129870128,True,0.03417384251952171,0.007558847402597403,4.521038817079275,False,0.0,0.007558847402597403,0.0
benign (190).png,benign,0,0.019718986004590988,0,False,0.13021353646353645,True,0.3401799201965332,0.0890984015984016,3.818024948750999,False,5.2948203119740356e-06,0.0890984015984016,5.9426658806290225e-05
benign (196).png,benign,0,0.075180284678936,0,False,0.07216386554621848,False,0.03815998136997223,0.03411239495798319,1.118654419221357,False,0.009926670230925083,0.03411239495798319,0.2909989240905521
benign (208).png,benign,0,0.025578195229172707,0,False,0.02676234106207928,True,0.06310730427503586,0.012037210172026925,5.242685254569193,False,0.0,0.012037210172026925,0.0
benign (210).png,benign,0,0.284257709980011,2,False,0.11678762414056532,True,0.1741355061531067,0.08033326967150496,2.167663620131154,True,0.18670448660850525,0.08033326967150496,2.324124081740585
benign (217).png,benign,0,0.15038487315177917,1,False,0.14094387755102042,True,0.1905287206172943,0.08715986394557823,2.1859685409359817,False,0.00032674806425347924,0.08715986394557823,0.0037488363274350398
benign (221).png,benign,0,0.11418430507183075,1,False,0.02478448275862069,False,0.030783141031861305,0.008805418719211823,3.495931540961032,False,0.0004424775834195316,0.008805418719211823,0.0502506010820503
benign (230).png,benign,0,0.035623207688331604,0,False,0.07865303379416283,False,0.10023857653141022,0.046538978494623656,2.1538628430142728,False,0.001570801017805934,0.046538978494623656,0.033752374216537616
benign (238).png,benign,0,0.2473321408033371,3,True,0.125307067271353,True,0.2854028642177582,0.08919123204837491,3.1998982149160513,False,0.05551525950431824,0.08919123204837491,0.6224295620696019
benign (239).png,benign,0,0.47530221939086914,4,True,0.04365079365079365,True,0.0954131931066513,0.023596938775510203,4.043456399762953,False,0.02373102493584156,0.023596938775510203,1.0056823540378261
benign (240).png,benign,0,0.08216740190982819,1,False,0.14727468212415856,False,0.24343964457511902,0.10700261780104713,2.2750812043472894,False,0.00019517779583111405,0.10700261780104713,0.0018240469237305336
benign (245).png,benign,0,0.3692319691181183,3,True,0.043034754224270354,False,0.06022460386157036,0.021793394777265745,2.763433805383775,False,0.006763204000890255,0.021793394777265745,0.3103327439351229
benign (252).png,benign,0,0.03028155490756035,0,False,0.07914608662613981,False,0.08012188225984573,0.047231193009118544,1.6963764231908613,False,0.0032799281179904938,0.047231193009118544,0.0694441090521949
benign (255).png,benign,0,0.05974776670336723,0,False,0.10726416925465838,True,0.21393980085849762,0.07373350155279502,2.901527749978229,False,0.0,0.07373350155279502,0.0
benign (258).png,benign,0,0.44096702337265015,4,True,0.04523337112622827,True,0.1261374056339264,0.024376417233560092,5.17456705902898,False,0.018350519239902496,0.024376417233560092,0.7527980450973953
benign (268).png,benign,0,0.13497281074523926,1,False,0.14570083170254403,False,0.17912094295024872,0.09108977495107633,1.9664220605051808,False,0.01672028750181198,0.09108977495107633,0.18355833583728062
benign (277).png,benign,0,0.09403982013463974,1,False,0.111890589569161,True,0.2257065325975418,0.07792422524565382,2.8964873489086176,False,0.012435145676136017,0.07792422524565382,0.1595799719141844
benign (284).png,benign,0,0.06533145904541016,0,False,0.09567039106145252,True,0.18191936612129211,0.0625,2.910709857940674,False,0.00013282403233461082,0.0625,0.002125184517353773
benign (285).png,benign,0,0.0513288751244545,0,False,0.09180790960451977,True,0.16045041382312775,0.058792372881355935,2.7291025342168034,False,4.5662014599656686e-05,0.058792372881355935,0.0007766656176950614
benign (291).png,benign,0,0.020315546542406082,0,False,0.02528243440233236,True,0.05951616168022156,0.011206268221574344,5.310970655301722,False,0.0,0.011206268221574344,0.0
benign (298).png,benign,0,0.21955879032611847,2,False,0.08040463525835866,True,0.1308901309967041,0.050128229483282674,2.6111062039475144,True,0.17771564424037933,0.050128229483282674,3.5452208480581975
benign (300).png,benign,0,0.35489198565483093,2,False,0.13385695187165775,True,0.20827706158161163,0.09575534759358288,2.1750958752257663,False,0.13025037944316864,0.09575534759358288,1.360241309926564
benign (304).png,benign,0,0.28125637769699097,3,True,0.15797811059907835,True,0.2949734032154083,0.10942300307219661,2.6957165763471753,False,0.02051573060452938,0.10942300307219661,0.18749010745933586
benign (309).png,benign,0,0.12049412727355957,0,False,0.24657318913480886,True,0.2197844237089157,0.16866825955734407,1.303057399689318,False,0.043200504034757614,0.16866825955734407,0.2561270516938621
benign (313).png,benign,0,0.11334593594074249,1,False,0.04473733938019652,False,0.04966677725315094,0.020597127739984882,2.4113448185658237,False,9.582127859175671e-06,0.020597127739984882,0.00046521670303447386
benign (327).png,benign,0,0.08401215076446533,1,False,0.12226918693009119,True,0.36348971724510193,0.08653115501519756,4.200680288865459,False,0.010606063529849052,0.08653115501519756,0.1225693049860053
benign (332).png,benign,0,0.01810719631612301,0,False,0.024355452240067625,True,0.06618005782365799,0.009905959425190194,6.680832717259725,False,0.0,0.009905959425190194,0.0
benign (339).png,benign,0,0.2030765563249588,2,False,0.13844060351413293,True,0.27059975266456604,0.09998090145148969,2.7065144316173213,False,0.004668164066970348,0.09998090145148969,0.046690557888551566
benign (345).png,benign,0,0.25731006264686584,2,False,0.023388975155279504,True,0.0497867614030838,0.009462344720496894,5.261567071767954,False,1.1220383385079913e-05,0.009462344720496894,0.0011857931323062914
benign (351).png,benign,0,0.5230896472930908,5,True,0.04965156794425087,False,0.044708311557769775,0.027139590592334496,1.647346573105547,False,0.03169763460755348,0.027139590592334496,1.1679481493912585
benign (359).png,benign,0,0.6189257502555847,4,True,0.035836260733801716,False,0.03903646394610405,0.017052107728337238,2.289245679654788,False,0.04312389716506004,0.017052107728337238,2.528948201130388
benign (362).png,benign,0,0.19912797212600708,3,True,0.029626623376623376,True,0.06759501993656158,0.012915393430099313,5.233678734016066,False,0.001994745573028922,0.012915393430099313,0.1544471396728937
benign (369).png,benign,0,0.016954755410552025,0,False,0.027261200338123414,True,0.06833620369434357,0.01172865595942519,5.826430916786194,False,0.0,0.01172865595942519,0.0
benign (371).png,benign,0,0.4870181679725647,3,True,0.24173469387755103,True,0.17225857079029083,0.18596938775510205,0.9262737962934705,True,0.4631010890007019,0.18596938775510205,2.490200643186216
benign (372).png,benign,0,0.7539690136909485,5,True,0.11186158401184308,False,0.004483057651668787,0.07582346410066618,0.05912493849815283,True,0.23729705810546875,0.07582346410066618,3.1295992727320394
benign (377).png,benign,0,0.0765509158372879,0,False,0.04272217607973422,False,0.056050922721624374,0.021464908637873755,2.61128168152206,False,2.840824527083896e-05,0.021464908637873755,0.0013234738498124345
benign (381).png,benign,0,0.27145904302597046,3,True,0.110007225433526,False,0.11307811737060547,0.07333815028901734,1.5418730486789947,False,0.08440100401639938,0.07333815028901734,1.1508471877704112
benign (389).png,benign,0,0.17961224913597107,2,False,0.05523331595411887,True,0.08423726260662079,0.02737226277372263,3.0774679938952128,False,0.0009724442497827113,0.02737226277372263,0.03552662992539505
benign (398).png,benign,0,0.5318957567214966,4,True,0.27888655462184875,True,0.4123227596282959,0.2162433155080214,1.9067537817741287,False,0.23093725740909576,0.2162433155080214,1.0679509647109962
benign (409).png,benign,0,0.13699783384799957,1,False,0.44716864018334607,False,0.422462522983551,0.36688311688311687,1.151490770610033,False,0.26201874017715454,0.36688311688311687,0.7141749732262266
benign (417).png,benign,0,0.21982726454734802,3,True,0.059266254578754576,True,0.09866984933614731,0.028216575091575092,3.4968754718076385,False,3.1088471587281674e-05,0.028216575091575092,0.0011017804778356702
benign (420).png,benign,0,0.7101673483848572,5,True,0.18212681779298545,False,0.16206860542297363,0.12598909324208726,1.2863701234166343,False,0.18153688311576843,0.12598909324208726,1.44089363963392
benign (422).png,benign,0,0.15507982671260834,1,False,0.25735663983903423,True,0.24633969366550446,0.18341297786720323,1.3430875858951603,False,0.05895402655005455,0.18341297786720323,0.32142778136855243
benign (430).png,benign,0,0.02111298404633999,0,False,0.06878698224852071,True,0.16458660364151,0.04009932375316991,4.1044732987173935,False,7.790614375835503e-08,0.04009932375316991,1.9428293663480156e-06
benign (44).png,benign,0,0.007184240967035294,0,False,0.03146385799828914,True,0.07000670582056046,0.013285928143712575,5.269237125423592,False,0.0,0.013285928143712575,0.0
benign (50).png,benign,0,0.01606939360499382,0,False,0.054209183673469385,True,0.13520987331867218,0.02848639455782313,4.746471970828612,False,0.0,0.02848639455782313,0.0
benign (56).png,benign,0,0.025404805317521095,0,False,0.09178841991341992,True,0.2654409110546112,0.059907106782106784,4.430875155097522,False,0.0004335243138484657,0.059907106782106784,0.0072366090959003196
benign (64).png,benign,0,0.4445657730102539,4,True,0.5329015276630884,True,0.7097817659378052,0.4486478117258464,1.582046646360395,False,0.5012571811676025,0.4486478117258464,1.1172620662951187
benign (70).png,benign,0,0.034122664481401443,0,False,0.029272531160115054,True,0.05441164970397949,0.010186960690316394,5.341303589764764,False,0.0,0.010186960690316394,0.0
benign (71).png,benign,0,0.49850934743881226,5,True,0.02243890977443609,False,0.015627816319465637,0.009093045112781955,1.7186559755980815,False,0.009179500862956047,0.009093045112781955,1.0095078985204375
benign (80).png,benign,0,0.026842927560210228,0,False,0.2857615268329554,True,0.5191649198532104,0.22869425547996977,2.270126631574625,False,0.011757361702620983,0.22869425547996977,0.051410830927717616
benign (84).png,benign,0,0.016104603186249733,0,False,0.15871192226890757,True,0.22163456678390503,0.10468093487394958,2.1172390851379377,False,0.014575332403182983,0.10468093487394958,0.13923578749782578
benign (88).png,benign,0,0.06738103926181793,0,False,0.1189236111111111,True,0.2104915827512741,0.07979910714285714,2.637768645386596,False,0.056966450065374374,0.07979910714285714,0.7138732763437124
benign (92).png,benign,0,0.012035718187689781,0,False,0.10865575396825397,True,0.21691101789474487,0.06376488095238095,3.401731715875579,False,2.3295515347854234e-05,0.06376488095238095,0.00036533456974931265
malignant (1).png,malignant,1,0.9826081991195679,0,False,0.42028061224489793,True,0.6421791911125183,0.33894026360544216,1.894667763225895,True,0.6421791911125183,0.33894026360544216,1.894667763225895
malignant (104).png,malignant,1,0.9890120625495911,0,False,0.24801339285714286,True,0.46206367015838623,0.17366071428571428,2.6607265325315814,True,0.46206367015838623,0.17366071428571428,2.6607265325315814
malignant (113).png,malignant,1,0.9303797483444214,0,False,0.09661330049261084,False,0.03575950115919113,0.05332512315270936,0.6705938785511131,False,0.03575950115919113,0.05332512315270936,0.6705938785511131
malignant (125).png,malignant,1,0.9214631915092468,0,False,0.07828017570664629,True,0.17789267003536224,0.05032467532467533,3.534899507799456,True,0.17789267003536224,0.05032467532467533,3.534899507799456
malignant (132).png,malignant,1,0.9853191375732422,0,False,0.3972188013136289,True,0.7020937204360962,0.32314757799671595,2.172672080009312,True,0.7020937204360962,0.32314757799671595,2.172672080009312
malignant (134).png,malignant,1,0.9504397511482239,0,False,0.09994775835866261,True,0.17322072386741638,0.06245250759878419,2.7736392104580374,True,0.17322072386741638,0.06245250759878419,2.7736392104580374
malignant (141).png,malignant,1,0.4380689561367035,1,False,0.09561688311688311,False,0.026143696159124374,0.05284090909090909,0.4947624219361172,False,0.026143696159124374,0.05284090909090909,0.4947624219361172
malignant (147).png,malignant,1,0.24226787686347961,3,True,0.07820680628272252,False,0.0005507035530172288,0.04557778608825729,0.012082718365276472,False,0.0005507035530172288,0.04557778608825729,0.012082718365276472
malignant (153).png,malignant,1,0.9560691118240356,0,False,0.42902214972527475,True,0.5844807624816895,0.35336538461538464,1.6540407972270939,True,0.5844807624816895,0.35336538461538464,1.6540407972270939
malignant (161).png,malignant,1,0.7467855215072632,0,False,0.3020353302611367,True,0.36224815249443054,0.23963133640552994,1.5116894056017582,True,0.36224815249443054,0.23963133640552994,1.5116894056017582
malignant (168).png,malignant,1,0.9918114542961121,0,False,0.25160619803476947,True,0.4643004238605499,0.19135015117157975,2.426443987725002,True,0.4643004238605499,0.19135015117157975,2.426443987725002
malignant (17).png,malignant,1,0.8730307817459106,0,False,0.1196583402146986,True,0.2907644510269165,0.07886044591246903,3.6870759182575488,True,0.2907644510269165,0.07886044591246903,3.6870759182575488
malignant (176).png,malignant,1,0.9671469926834106,0,False,0.15240813873626374,True,0.23107658326625824,0.10669213598901099,2.165825823283344,True,0.23107658326625824,0.10669213598901099,2.165825823283344
malignant (182).png,malignant,1,0.9805005788803101,0,False,0.2773731203007519,True,0.5666664242744446,0.21087875939849623,2.6871669099855557,True,0.5666664242744446,0.21087875939849623,2.6871669099855557
malignant (189).png,malignant,1,0.39639824628829956,1,False,0.03498102139406487,False,6.508845399366692e-05,0.016088681849551416,0.004045605140453549,False,6.508845399366692e-05,0.016088681849551416,0.004045605140453549
malignant (199).png,malignant,1,0.7735198736190796,0,False,0.09840561224489795,False,0.1698213666677475,0.06641156462585034,2.557105341885673,False,0.1698213666677475,0.06641156462585034,2.557105341885673
malignant (201).png,malignant,1,0.9930745363235474,0,False,0.2660479323308271,True,0.40906330943107605,0.20101033834586465,2.0350361717576386,True,0.40906330943107605,0.20101033834586465,2.0350361717576386
malignant (208).png,malignant,1,0.9755266308784485,0,False,0.43417324862637363,True,0.5386447906494141,0.3552970467032967,1.516040720426332,True,0.5386447906494141,0.3552970467032967,1.516040720426332
malignant (210).png,malignant,1,0.9851962327957153,0,False,0.29128151260504204,True,0.4801933169364929,0.22108718487394957,2.1719635953131786,True,0.4801933169364929,0.22108718487394957,2.1719635953131786
malignant (27).png,malignant,1,0.25387662649154663,2,False,0.05276405775075988,False,1.314980454480974e-05,0.027996770516717326,0.00046969005003479877,False,1.314980454480974e-05,0.027996770516717326,0.00046969005003479877
malignant (31).png,malignant,1,0.9949066042900085,0,False,0.4850248643761302,True,0.5757015347480774,0.38364602169981915,1.5006060331274087,True,0.5757015347480774,0.38364602169981915,1.5006060331274087
malignant (35).png,malignant,1,0.7879988551139832,1,False,0.23254036203522505,True,0.4575192332267761,0.1755442759295499,2.606289671389738,True,0.4575192332267761,0.1755442759295499,2.606289671389738
malignant (4).png,malignant,1,0.7745161056518555,0,False,0.10672909407665505,True,0.2838387191295624,0.06814024390243903,4.165507824362257,True,0.2838387191295624,0.06814024390243903,4.165507824362257
malignant (41).png,malignant,1,0.9638773202896118,0,False,0.13929056677018634,False,0.11711511760950089,0.09161490683229814,1.2783412837376027,False,0.11711511760950089,0.09161490683229814,1.2783412837376027
malignant (42).png,malignant,1,0.9859323501586914,0,False,0.17069327731092437,True,0.3124282956123352,0.1195640756302521,2.613061607054189,True,0.3124282956123352,0.1195640756302521,2.613061607054189
malignant (45).png,malignant,1,0.6178885698318481,0,False,0.2367909663865546,True,0.37886369228363037,0.1735031512605042,2.1836127443863544,True,0.37886369228363037,0.1735031512605042,2.1836127443863544
malignant (5).png,malignant,1,0.8747271299362183,0,False,0.0917487684729064,True,0.2429814636707306,0.05741995073891626,4.2316557319170665,True,0.2429814636707306,0.05741995073891626,4.2316557319170665
malignant (59).png,malignant,1,0.9025976061820984,0,False,0.31070458074534163,True,0.4057014584541321,0.23466614906832298,1.7288452555464753,True,0.4057014584541321,0.23466614906832298,1.7288452555464753
malignant (66).png,malignant,1,0.9484731554985046,0,False,0.08986607142857143,True,0.2298300564289093,0.055714285714285716,4.125154858980423,True,0.2298300564289093,0.055714285714285716,4.125154858980423
malignant (7).png,malignant,1,0.9850649833679199,0,False,0.07998511904761904,True,0.20543476939201355,0.04978553921568627,4.1263943833571215,True,0.20543476939201355,0.04978553921568627,4.1263943833571215
malignant (79).png,malignant,1,0.8160942792892456,1,False,0.21959005376344087,True,0.44293147325515747,0.16088229646697388,2.7531399226768434,True,0.44293147325515747,0.16088229646697388,2.7531399226768434
malignant (88).png,malignant,1,0.8435839414596558,0,False,0.11526211361737677,True,0.24387744069099426,0.07477025898078529,3.2616904637667057,True,0.24387744069099426,0.07477025898078529,3.2616904637667057
malignant (90).png,malignant,1,0.9407952427864075,0,False,0.15335352891156462,True,0.29934218525886536,0.10432610544217687,2.8692932031741267,True,0.29934218525886536,0.10432610544217687,2.8692932031741267
malignant (96).png,malignant,1,0.920870304107666,0,False,0.27174315321983716,True,0.26392504572868347,0.21280532938564026,1.2402182148850482,True,0.26392504572868347,0.21280532938564026,1.2402182148850482
malignant (97).png,malignant,1,0.8766835331916809,0,False,0.24083269671504964,True,0.18805992603302002,0.18200916730328495,1.0332442525801604,True,0.18805992603302002,0.18200916730328495,1.0332442525801604
