variant,fold,auc,sensitivity,specificity,balanced_acc,accuracy,tp,fn,tn,fp,best_epoch,epochs_run,val_fold
v2a,0,0.9863597612958227,0.9411764705882353,0.8695652173913043,0.9053708439897699,0.8932038834951457,32,2,60,9,20,27,0
v2a,1,0.9163465642338882,0.8484848484848485,0.8028169014084507,0.8256508749466496,0.8173076923076923,28,5,57,14,8,15,1
v2a,2,0.9544600938967136,0.8333333333333334,0.9436619718309859,0.8884976525821596,0.9108910891089109,25,5,67,4,16,23,2
v2a,3,0.8930180180180181,0.7297297297297297,0.8611111111111112,0.7954204204204205,0.8165137614678899,27,10,62,10,25,30,3
v2a,4,0.8913127413127413,0.7428571428571429,0.8378378378378378,0.7903474903474903,0.8073394495412844,26,9,62,12,8,15,4
v2b,0,0.9701619778346121,0.9705882352941176,0.855072463768116,0.9128303495311167,0.8932038834951457,33,1,59,10,10,17,0
v2b,1,0.9282970550576184,0.8787878787878788,0.8591549295774648,0.8689714041826717,0.8653846153846154,29,4,61,10,9,16,1
v2b,2,0.9784037558685446,0.8,0.971830985915493,0.8859154929577465,0.9207920792079208,24,6,69,2,18,25,2
v2b,3,0.9320570570570572,0.918918918918919,0.8055555555555556,0.8622372372372373,0.8440366972477065,34,3,58,14,29,30,3
v2b,4,0.9254826254826255,0.8,0.9054054054054054,0.8527027027027028,0.8715596330275229,28,7,67,7,19,26,4
